Team,Elo,Rank
Doosan Bears,1579.9502680873281,1
Kiwoom Heroes,1563.4502309096436,2
SK Wyverns,1535.3134798232643,3
LG Twins,1511.6544967632415,4
KT Wiz,1503.0998415583572,5
NC Dinos,1501.7254959190043,6
Kia Tigers,1473.3171313720782,7
Samsung Lions,1455.8001002750443,8
Hanwha Eagles,1453.9592983498949,9
Lotte Giants,1421.7296569421433,10
